title,authors,journal,year,doi,url,pdf_url,abstract
Disruption of salt bridge interactions in the inter‐domain cleft of the tubulin‐like protein FtsZ of Escherichia coli makes cells sensitive to the cell division inhibitor,"SM Poddar, J Chakraborty, P Gayathri, R Srinivasan",Cytoskeleton,2025,10.1002/cm.21924,https://scholar.google.com/citations?view_op=view_citation&hl=en&oe=ASCII&user=dRknmPkAAAAJ&pagesize=100&citation_for_view=dRknmPkAAAAJ:K3LRdlH-MEoC,,"FtsZ forms a ring-like assembly at the site of division in bacteria. It is the first protein involved in the formation of the divisome complex to split the cell into two halves, indicating its importance in bacterial cell division. FtsZ is an attractive target for developing new anti-microbial drugs to overcome the challenges of antibiotic resistance. The most potent inhibitor against FtsZ is PC190723, which is effective against all strains and species of Staphylococcus, including the methicillin- and multi-drug-resistant Staphylococcus aureus and strains of Bacillus. However, FtsZs from bacteria such as E. coli, Streptococcus, and Enterococcus were shown to be resistant to this inhibitor. In this study, we provide further evidence that the three pairwise bridging interactions, between residues S227 and G191, R307 and E198 and D299 and R202, between S7, S9, S10 β-strands and the H7 helix occlude the inhibitor from binding to E. coli FtsZ. We generated single, double and triple mutations to disrupt those bridges and tested the effectiveness of PC190723 directly on Z-ring assembly in vivo. Our results show that the disruption of S227-G191 and R307-E198 bridges render EcFtsZ highly sensitive to PC190723 for Z-ring assembly. Ectopic expression of the double mutants, FtsZ S227I R307V results in hypersensitivity of the susceptible E. coli imp4213 strain to PC190723. Our studies could further predict the effectiveness of PC190723 or its derivatives towards FtsZs of other bacterial genera."
Membrane binding and cholesterol sensing motif in Mycoplasma genitalium FtsZ: a novel mode of membrane recruitment for bacterial FtsZ,"S Dutta, S Poddar, J Chakraborty, R Srinivasan, P Gayathri",Biochemistry,2025,10.1021/acs.biochem.4c00543,https://scholar.google.com/citations?view_op=view_citation&hl=en&oe=ASCII&user=dRknmPkAAAAJ&pagesize=100&citation_for_view=dRknmPkAAAAJ:08ZZubdj9fEC,,"Cell division in bacteria is initiated by constriction of the Z-ring comprising two essential proteins, FtsZ and FtsA. Though the essential function of the Z-ring in bacterial division has been established, the precise roles of FtsZ and FtsA in the constriction process remain elusive. Due to the minimal number of components, FtsZ/FtsA in cell wall-less bacteria is an ideal model system for obtaining mechanistic insights into Z-ring constriction in the absence of a cell wall synthesis machinery. In this study, we undertook a comparative analysis of FtsZ and FtsA protein sequences from 113 mycoplasma species and the corresponding sequences in cell-walled bacteria. We report a phylogenetically distinct group of 12 species that possess a putative membrane binding amphipathic helix at either the N- or C-terminal extensions of the globular FtsZ domain. Importantly, these FtsZs lack conservation of the conserved C-terminal peptide sequence. We experimentally prove that the proposed C-terminal amphipathic helix in Mycoplasma genitalium (M. genitalium) FtsZ exhibits membrane binding. Additionally, we identify a potential cholesterol recognition motif within the C-terminal amphipathic helix region of M. genitalium FtsZ. Our study catalogues the functional variations of membrane attachment by the FtsZ and FtsA system in cell wall-less mycoplasmas and provides a new perspective to dissect the role of FtsZ and FtsA in cell division."
Mechanistic Insights into Z-Ring Formation and Stability,"R Kumar, R Srinivasan, D Chaudhuri",PRX Life,2025,10.1103/PRXLife.3.013009,https://scholar.google.com/citations?view_op=view_citation&hl=en&oe=ASCII&user=dRknmPkAAAAJ&pagesize=100&citation_for_view=dRknmPkAAAAJ:u9iWguZQMMsC,,"The tubulinlike protein FtsZ (filamenting temperature-sensitive mutant Z) is crucial for cytokinesis in bacteria and many archaea, forming a ring-shaped structure called the Z-ring at the site of cell division. Despite extensive and many archaea, forming a ring-shaped structure called the Z-ring at the site of  cell division. Despite extensive research, the self-assembly of Z-rings is not entirely understood. We propose a theoretical model based on FtsZ’s known filament structures, treating them as semiflexible polymers with specific mechanical properties and lateral intersegment attraction that can stabilize ring formations. Our molecular dynamics simulations reveal various morphological phases, including open helices, chains, rings, and globules, capturing experimental observations in the fission yeast model using FtsZ from different bacterial species or mutants of Escherichia coli. Using our theoretical model, we explore how treadmilling activity affects Z-ring stability and identify a spooling mechanism of ring formation. The active ring produces contractile, shear, and rotational stresses, which intensify as the Z-ring transitions to an open helix at high activity."
Distinct filament morphology and membrane tethering features of the dual FtsZ paralogs in Odinarchaeota,"J Kumari, A Uthaman, S Bose, A Kundu, V Sharma, S Dutta, A Dhar, et al.",The EMBO Journal,2025,10.1038/s44318-025-00529-7,https://scholar.google.com/citations?view_op=view_citation&hl=en&oe=ASCII&user=dRknmPkAAAAJ&pagesize=100&citation_for_view=dRknmPkAAAAJ:fQNAKQ3IYiAC,,"The Asgard phylum has emerged as a model to study eukaryogenesis because of their close relatedness with the eukaryotes. In this study, we use FtsZ proteins from a member of the class Odinarchaeia as representatives to investigate the probable origin, evolution, and assembly of the FtsZ/tubulin protein superfamily in Asgard archaea. We performed a comparative analysis of the biochemical properties and cytoskeletal assembly of FtsZ1 and FtsZ2, the two FtsZ isoforms in the Odinarchaeota metagenome. Our electron microscopy analysis reveals that OdinFtsZ1 assembles into curved single protofilaments, while OdinFtsZ2 forms stacked spiral ring-like structures. Upon sequence analysis, we identified an N-terminal amphipathic helix in OdinFtsZ1, which mediates direct membrane tethering. In contrast, OdinFtsZ2 is recruited to the membrane by the anchor OdinSepF via OdinFtsZ2’s C-terminal tail. Overall, we report the presence of two distant evolutionary para- logs of FtsZ in Odinarchaeota, with distinct filament assemblies and differing modes of membrane targeting. Our findings highlight the diversity of FtsZ proteins in the archaeal phylum Asgardarch- aeota, providing valuable insights into the evolution and differ- entiation of tubulin-family proteins"
Distinct filament morphology and membrane tethering features of the dual FtsZs in Odinarchaeota,"J Kumari, A Uthaman, A Kundu, A Dhar, V Sharma, S Bose, S Dutta, et al.","bioRxiv,",2025,10.1101/2025.02.03.636245,https://scholar.google.com/citations?view_op=view_citation&hl=en&oe=ASCII&user=dRknmPkAAAAJ&pagesize=100&citation_for_view=dRknmPkAAAAJ:l7t_Zn2s7bgC,,"The deep-branching Asgard archaea have emerged as a model to study Eukaryogenesis as they harbor homologs of many of the major eukaryotic protein families. In this study, we use Candidatus Odinarchaeota FtsZs as representatives to understand the probable origin, evolution, and assembly of the FtsZ-Tubulin protein superfamily in Asgard archaea. We have performed a comparative analysis of the biochemical properties and cytoskeletal assembly of FtsZ1 and FtsZ2, the two FtsZ isoforms in the Odinarchaeota metagenome. Our electron microscopy analysis reveals that OdinFtsZ1 assembles into curved single protofilaments, while OdinFtsZ2 forms stacked spiral ring-like structures. Upon sequence analysis, we identified an N-terminal amphipathic helix in OdinFtsZ1, which mediates direct membrane tethering. In contrast, OdinFtsZ2 is recruited to the membrane by the membrane-anchor OdinSepF via OdinFtsZ2’s C-terminal tail. Overall, we report the presence of two distant evolutionary paralogs of FtsZ in Odinarchaeota, with distinct filament assemblies and differing modes of membrane targeting mechanisms, namely direct vs SepF-mediated membrane binding. Our findings highlight the diversity of FtsZ proteins in the transitional archaeal phylum Odinarchaeota, providing valuable insights into the evolution and differentiation of tubulin family proteins."
Mutational analysis of the F plasmid partitioning protein ParA reveals residues required for oligomerization and plasmid maintenance,"N Mitra, D Mishra, M Mudaliyar, R Yadav, S Zinjurte, IA Puthethu, et al.",Nucleic Acids Research,2025,10.1093/nar/gkaf537,https://scholar.google.com/citations?view_op=view_citation&hl=en&oe=ASCII&user=dRknmPkAAAAJ&pagesize=100&citation_for_view=dRknmPkAAAAJ:B3FOqHPlNUQC,,"Mobile genetic elements such as plasmids play a crucial role in the emergence of antimicrobial resistance. Hence, plasmid maintenance proteins such as ParA of the Walker A-type ATPases/ParA superfamily are potential targets for novel antibiotics. Plasmid partitioning by ParA relies on ATP-dependent dimerization and formation of chemophoretic gradients of ParA-ATP on bacterial nucleoids. Though polymerization of ParA has been reported in many instances, the need for polymerization in plasmid maintenance remains unclear. In this study, we provide insights into the polymerization of ParA and the effect of polymerization on plasmid maintenance. We report two mutations, Q351H and W362E, in ParA from the F plasmid (ParAF ) that form cytoplasmic filaments independent of the ParBSF partitioning complex. Both variants fail to partition plasmids, do not bind non-specific DNA, and act as super-repressors to suppress transcription from the ParAF promoter. Further, we show that the polymerization of ParAF requires an ATP-dependent conformational switch. We identify two residues, R320 in helix 12 and E375 in helix 14 at the interface of the predicted ParAF filament structure, whose mutations abolish filament assembly of ParAF W362E and affect plasmid partitioning. Our results thus suggest a role for the C-terminal helix of ParAF in plasmid maintenance and assembly into higher order structures."
Dynamics of interdomain rotation facilitates FtsZ filament assembly,"J Chakraborty, S Poddar, S Dutta, V Bahulekar, S Harne, R Srinivasan, et al.",Journal of Biological Chemistry,2024,10.1016/j.jbc.2024.107336,https://scholar.google.com/citations?view_op=view_citation&hl=en&oe=ASCII&user=dRknmPkAAAAJ&pagesize=100&citation_for_view=dRknmPkAAAAJ:XiSMed-E-HIC,,"FtsZ, the tubulin homolog essential for bacterial cell division, assembles as the Z-ring at the division site, and directs peptidoglycan synthesis by treadmilling. It is unclear how FtsZ achieves kinetic polarity that drives treadmilling. To obtain insights into fundamental features of FtsZ assembly dynamics independent of peptidoglycan synthesis, we carried out structural and biochemical characterization of FtsZ from the cell wall-less bacteria, Spiroplasma melliferum (SmFtsZ). Interestingly the structures of SmFtsZ, bound to GDP and GMPPNP respectively, were captured as domain swapped dimers. SmFtsZ was found to be a slower GTPase with a higher critical concentration (CC) compared to Escherichia coli FtsZ (EcFtsZ). In FtsZs, a conformational switch from R-state (close) to T-state (open) favors polymerization. We identified that Phe224, located at the interdomain cleft of SmFtsZ, is crucial for R- to T-state transition. SmFtsZF224M exhibited higher GTPase activity and lower CC, whereas the corresponding EcFtsZM225F resulted in cell division defects in E. coli. Our results demonstrate that relative rotation of the domains is a rate-limiting step of polymerization. Our structural analysis suggests that the rotation is plausibly triggered upon addition of a GTP-bound monomer to the filament through interaction of the preformed N-terminal domain (NTD). Hence, addition of monomers to the NTD-exposed end of filament is slower in comparison to the C-terminal domain (CTD) end, thus explaining kinetic polarity. In summary, the study highlights the importance of interdomain interactions and conformational changes in regulating FtsZ assembly dynamics."
Author Spotlight: Exploring Cytoskeletal Dynamics to Unveil Novel Antibiotics Through Innovative Cell-Based Assays,"SM Poddar, S Roy, AK Sharma, R Srinivasan","JoVE (Journal of Visualized Experiments), e66657",2024,,https://scholar.google.com/citations?view_op=view_citation&hl=en&oe=ASCII&user=dRknmPkAAAAJ&pagesize=100&citation_for_view=dRknmPkAAAAJ:J-pR_7NvFogC,,
Fission Yeast as a Platform for Antibacterial Drug Screens Targeting Bacterial Cytoskeleton Proteins,"SM Poddar, S Roy, AK Sharma, R Srinivasan","Journal of Visualized Experiments (JoVE), e66657",2024,10.3791/66657,https://scholar.google.com/citations?view_op=view_citation&hl=en&oe=ASCII&user=dRknmPkAAAAJ&pagesize=100&citation_for_view=dRknmPkAAAAJ:UxriW0iASnsC,,"Bacterial cytoskeletal proteins such as FtsZ and MreB perform essential functions such as cell division and cell shape maintenance. Further, FtsZ and MreB have emerged as important targets for novel antimicrobial discovery. Several assays have been developed to identify compounds targeting nucleotide binding and polymerization of these cytoskeletal proteins, primarily focused on FtsZ. Moreover, many of the assays are either laborious or cost-intensive, and ascertaining whether these proteins are the cellular target of the drug often requires multiple methods. Finally, the toxicity of the drugs to eukaryotic cells also poses a problem. Here, we describe a single-step cell-based assay to discover novel molecules targeting bacterial cytoskeleton and minimize hits that might be potentially toxic to eukaryotic cells. Fission yeast is amenable to high-throughput screens based on microscopy, and a visual screen can easily identify any molecule that alters the polymerization of FtsZ or MreB. Our assay utilizes the standard 96-well plate and relies on the ability of the bacterial cytoskeletal proteins to polymerize in a eukaryotic cell such as the fission yeast. While the protocols described here are for fission yeast and utilize FtsZ from Staphylococcus aureus and MreB from Escherichia coli, they are easily adaptable to other bacterial cytoskeletal proteins that readily assemble into polymers in any eukaryotic expression hosts. The method described here should help facilitate further discovery of novel antimicrobials targeting bacterial cytoskeletal proteins."
Mutational analysis of the F plasmid partitioning protein ParA reveals novel residues required for oligomerisation and plasmid maintenance,"N Mitra, D Mishra, IA Puthethu, R Srinivasan","bioRxiv,",2024,10.1101/2024.03.17.585406,https://scholar.google.com/citations?view_op=view_citation&hl=en&oe=ASCII&user=dRknmPkAAAAJ&pagesize=100&citation_for_view=dRknmPkAAAAJ:uWQEDVKXjbEC,,"Mobile genetic elements such as plasmids play a crucial role in the emergence of antimicrobial resistance. Hence, plasmid maintenance proteins like ParA of the Walker A type cytoskeletal ATPases/ ParA superfamily are potential targets for novel antibiotics. Plasmid partitioning by ParA relies upon ATP-dependent dimerisation and formation of chemophoretic gradients of ParA-ATP on bacterial nucleoids. Though polymerisation of ParA has been reported in many instances, the need for polymerisation in plasmid maintenance remains unclear. In this study, we provide novel insights into the polymerisation of ParA and the effect of polymerisation on plasmid maintenance. We first characterise two mutations, Q351H and W362E, in ParA from F plasmid (ParAF) that form cytoplasmic filaments independent of the ParBSF partitioning complex. Both mutants fail to partition plasmids, do not bind non-specific DNA and act as super-repressors to suppress transcription from the ParA promoter. Further, we show that the polymerisation of ParAF requires the conformational switch to the ParA-ATP* state. We identify two mutations, R320A in the C-terminal helix-14 and E375A helix-16 of ParAF, that abolish filament assembly and affect plasmid partitioning. Our results thus suggest a role for higher-order structures or polymerisation of ParA in plasmid maintenance."
Salt bridge interactions in the inter-domain cleft of the tubulin-like protein FtsZ occludes binding of the cell division inhibitor PC190723,"S Poddar, J Chakraborty, G Pananghat, R Srinivasan",MOLECULAR BIOLOGY OF THE CELL,2024,,https://scholar.google.com/citations?view_op=view_citation&hl=en&oe=ASCII&user=dRknmPkAAAAJ&pagesize=100&citation_for_view=dRknmPkAAAAJ:tS2w5q8j5-wC,,
Polymerisation of SopA requires the conformational change to SopA-ATP* state and is mediated by the last C-terminal helix,"N Mitra, D Mishra, IA Puthethu, R Srinivasan",MOLECULAR BIOLOGY OF THE CELL,2024,,https://scholar.google.com/citations?view_op=view_citation&hl=en&oe=ASCII&user=dRknmPkAAAAJ&pagesize=100&citation_for_view=dRknmPkAAAAJ:vRqMK49ujn8C,,
Uracil excision repair pathway activities are not intrinsic to nucleoside diphosphate kinases from Mycobacterium tuberculosis and Escherichia coli.,"P Kumar, K Krishna, R Srinivasan, PA Kumar, U Varshney",Journal Article,2024,,https://scholar.google.com/citations?view_op=view_citation&hl=en&oe=ASCII&user=dRknmPkAAAAJ&pagesize=100&citation_for_view=dRknmPkAAAAJ:Se3iqnhoufwC,,
A mechanism of salt bridge–mediated resistance to FtsZ inhibitor PC190723 revealed by a cell-based screen,"AK Sharma, SM Poddar, J Chakraborty, BS Nayak, S Kalathil, N Mitra, et al.",Molecular biology of the cell,2023,,https://scholar.google.com/citations?view_op=view_citation&hl=en&oe=ASCII&user=dRknmPkAAAAJ&pagesize=100&citation_for_view=dRknmPkAAAAJ:fPk4N6BV_jEC,,
An amphipathic helix facilitates direct membrane binding of Mycoplasma FtsZ,"S Dutta, S Poddar, J Chakraborty, R Srinivasan, P Gayathri","bioRxiv,",2023,,https://scholar.google.com/citations?view_op=view_citation&hl=en&oe=ASCII&user=dRknmPkAAAAJ&pagesize=100&citation_for_view=dRknmPkAAAAJ:abG-DnoFyZgC,,
"World War II, Sex and Antibiotics-II","D Mishra, IA Puthethu, N Mitra, R Srinivasan",Resonance: Journal of Science Education,2023,,https://scholar.google.com/citations?view_op=view_citation&hl=en&oe=ASCII&user=dRknmPkAAAAJ&pagesize=100&citation_for_view=dRknmPkAAAAJ:b0M2c_1WBrUC,,
"World War II, Sex and Antibiotics","D Mishra, IA Puthethu, N Mitra, R Srinivasan",Resonance,2023,,https://scholar.google.com/citations?view_op=view_citation&hl=en&oe=ASCII&user=dRknmPkAAAAJ&pagesize=100&citation_for_view=dRknmPkAAAAJ:EUQCXRtRnyEC,,
A mechanism of salt bridge–mediated resistance to FtsZ inhibitor PC190723 revealed by a cell-based screen,"AK Sharmaa, SM Poddara, J Chakraborty, BS Nayaka, S Kalathila, et al.",Journal Article,2023,,https://scholar.google.com/citations?view_op=view_citation&hl=en&oe=ASCII&user=dRknmPkAAAAJ&pagesize=100&citation_for_view=dRknmPkAAAAJ:XiVPGOgt02cC,,
A mechanism of salt bridge–mediated resistance to FtsZ inhibitor PC190723 revealed by a cell-based screen,"SM Poddar, S Kalathil, AK Sharma, R Srinivasan, J CHAKRABORTY, et al.",American Society for Cell Biology,2023,,https://scholar.google.com/citations?view_op=view_citation&hl=en&oe=ASCII&user=dRknmPkAAAAJ&pagesize=100&citation_for_view=dRknmPkAAAAJ:cFHS6HbyZ2cC,,
Filament organization of the bacterial actin MreB is dependent on the nucleotide state,"V Pande, N Mitra, SR Bagde, R Srinivasan, P Gayathri",Journal of Cell Biology,2022,,https://scholar.google.com/citations?view_op=view_citation&hl=en&oe=ASCII&user=dRknmPkAAAAJ&pagesize=100&citation_for_view=dRknmPkAAAAJ:RGFaLdJalmkC,,
Catching a Walker in the act—DNA partitioning by ParA family of proteins,"D Mishra, R Srinivasan",Frontiers in Microbiology,2022,,https://scholar.google.com/citations?view_op=view_citation&hl=en&oe=ASCII&user=dRknmPkAAAAJ&pagesize=100&citation_for_view=dRknmPkAAAAJ:O3NaXMp0MMsC,,
A role for the last C-terminal helix of the F plasmid segregating protein SopA in nucleoid binding and plasmid maintenance,"D Mishra, A Jakhmola, R Srinivasan",Plasmid,2022,,https://scholar.google.com/citations?view_op=view_citation&hl=en&oe=ASCII&user=dRknmPkAAAAJ&pagesize=100&citation_for_view=dRknmPkAAAAJ:35N4QoGY0k4C,,
Structures of FtsZ from a cell wall-less bacterium Spiroplasma provide a mechanism for kinetic polarity,"J Chakraborty, SM Poddar, S Dutta, V Bahulekar, S Harne, R Srinivasan, et al.",bioRxiv,2022,,https://scholar.google.com/citations?view_op=view_citation&hl=en&oe=ASCII&user=dRknmPkAAAAJ&pagesize=100&citation_for_view=dRknmPkAAAAJ:2P1L_qKh6hAC,,
Mechanism for kinetic polarity revealed by FtsZ from a cell wall-less bacterium Spiroplasma,"J Chakraborty, S Poddar, S Dutta, V Bahulekar, S Harne, R Srinivasan, et al.","bioRxiv,",2022,,https://scholar.google.com/citations?view_op=view_citation&hl=en&oe=ASCII&user=dRknmPkAAAAJ&pagesize=100&citation_for_view=dRknmPkAAAAJ:u_35RYKgDlwC,,
Identification of a Potential Membrane-Targeting Sequence in the C-Terminus of the F Plasmid Segregation Protein SopA: D. Mishra et al.,"D Mishra, S Pahujani, N Mitra, A Srivastava, R Srinivasan",The Journal of Membrane Biology,2021,,https://scholar.google.com/citations?view_op=view_citation&hl=en&oe=ASCII&user=dRknmPkAAAAJ&pagesize=100&citation_for_view=dRknmPkAAAAJ:NMxIlDl6LWMC,,
Filament dynamics driven by ATP hydrolysis modulates membrane binding of the bacterial actin MreB,"V Pande, N Mitra, SR Bagde, R Srinivasan, P Gayathri","biorxiv,",2021,,https://scholar.google.com/citations?view_op=view_citation&hl=en&oe=ASCII&user=dRknmPkAAAAJ&pagesize=100&citation_for_view=dRknmPkAAAAJ:ns9cj8rnVeAC,,
Bimetallic gold–silver nanoparticles mediate bacterial killing by disrupting the actin cytoskeleton MreB,"P Jena, M Bhattacharya, G Bhattacharjee, B Satpati, P Mukherjee, et al.",Nanoscale,2020,,https://scholar.google.com/citations?view_op=view_citation&hl=en&oe=ASCII&user=dRknmPkAAAAJ&pagesize=100&citation_for_view=dRknmPkAAAAJ:YFjsv_pBGBYC,,
Instrumental Lives: An Intimate Biography of an Indian Laboratory,R Srinivasan,Current Science,2020,,https://scholar.google.com/citations?view_op=view_citation&hl=en&oe=ASCII&user=dRknmPkAAAAJ&pagesize=100&citation_for_view=dRknmPkAAAAJ:mvPsJ3kp5DgC,,
MtFtsX a predicted membrane domain of ABC transporter complex MtFtsEX of Mycobacterium tuberculosis interacts with the cell division protein MtFtsZ,"MA Mir, R Srinivasan, P Ajitkumar",The International Journal of Mycobacteriology,2019,,https://scholar.google.com/citations?view_op=view_citation&hl=en&oe=ASCII&user=dRknmPkAAAAJ&pagesize=100&citation_for_view=dRknmPkAAAAJ:JV2RwH3_ST0C,,
Steric hindrance in the upper 50 kDa domain of the motor Myo2p leads to cytokinesis defects in fission yeast,"S Palani, R Srinivasan, P Zambon, A Kamnev, P Gayathri, et al.",Journal of Cell Science,2018,,https://scholar.google.com/citations?view_op=view_citation&hl=en&oe=ASCII&user=dRknmPkAAAAJ&pagesize=100&citation_for_view=dRknmPkAAAAJ:M3NEmzRMIkIC,,
Motor activity dependent and independent functions of myosin II contribute to actomyosin ring assembly and contraction in Schizosaccharomyces pombe,"S Palani, TG Chew, S Ramanujam, A Kamnev, S Harne, B Chapa-y-Lazo, et al.",Current Biology,2017,,https://scholar.google.com/citations?view_op=view_citation&hl=en&oe=ASCII&user=dRknmPkAAAAJ&pagesize=100&citation_for_view=dRknmPkAAAAJ:maZDTaKrznsC,,
Novel actin filaments from Bacillus thuringiensis form nanotubules for plasmid DNA segregation,"S Jiang, A Narita, D Popp, U Ghoshdastider, LJ Lee, R Srinivasan, et al.",Proceedings of the National Academy of Sciences,2016,,https://scholar.google.com/citations?view_op=view_citation&hl=en&oe=ASCII&user=dRknmPkAAAAJ&pagesize=100&citation_for_view=dRknmPkAAAAJ:k_IJM867U9cC,,
Novel actin filaments from Bacillus thuringiensis form nanotubules for plasmid DNA segregation.,"JSM Jiang ShiMin, A Narita, D Popp, U Ghoshdastider, LLJ Lee LinJie, et al.",Journal Article,2016,,https://scholar.google.com/citations?view_op=view_citation&hl=en&oe=ASCII&user=dRknmPkAAAAJ&pagesize=100&citation_for_view=dRknmPkAAAAJ:xtRiw3GOFMkC,,
NDK Interacts with FtsZ and Converts GDP to GTP to Trigger FtsZ Polymerisation-A Novel Role for NDK,"S Mishra, K Jakkala, R Srinivasan, M Arumugam, R Ranjeri, P Gupta, et al.",PloS one,2015,,https://scholar.google.com/citations?view_op=view_citation&hl=en&oe=ASCII&user=dRknmPkAAAAJ&pagesize=100&citation_for_view=dRknmPkAAAAJ:isC4tDSrTZIC,,
Bacteria spring a surprise,"R Srinivasan, MK Balasubramanian",Elife,2014,,https://scholar.google.com/citations?view_op=view_citation&hl=en&oe=ASCII&user=dRknmPkAAAAJ&pagesize=100&citation_for_view=dRknmPkAAAAJ:4OULZ7Gr8RgC,,
Bacteria spring a surprise,"S Ramanujam, MK Balasubramanian",eLife,2014,,https://scholar.google.com/citations?view_op=view_citation&hl=en&oe=ASCII&user=dRknmPkAAAAJ&pagesize=100&citation_for_view=dRknmPkAAAAJ:blknAaTinKkC,,
Chromosomes: Bacteria spring a surprise,R Srinivasan,eLife Sciences Publications Ltd,2014,,https://scholar.google.com/citations?view_op=view_citation&hl=en&oe=ASCII&user=dRknmPkAAAAJ&pagesize=100&citation_for_view=dRknmPkAAAAJ:3fE2CSJIrl8C,,
In vitro contraction of cytokinetic ring depends on myosin II but not on actin dynamics,"M Mishra, J Kashiwazaki, T Takagi, R Srinivasan, Y Huang, et al.",Nature cell biology,2013,,https://scholar.google.com/citations?view_op=view_citation&hl=en&oe=ASCII&user=dRknmPkAAAAJ&pagesize=100&citation_for_view=dRknmPkAAAAJ:MXK_kJrjxJIC,,
"The Nitrosopumilus maritimus CdvB, but Not FtsZ, Assembles into Polymers","KH Ng, V Srinivas, R Srinivasan, M Balasubramanian",Archaea,2013,,https://scholar.google.com/citations?view_op=view_citation&hl=en&oe=ASCII&user=dRknmPkAAAAJ&pagesize=100&citation_for_view=dRknmPkAAAAJ:_FxGoFyzp5QC,,
"Research Article The Nitrosopumilus maritimus CdvB, but Not FtsZ, Assembles into Polymers","KH Ng, V Srinivas, R Srinivasan, M Balasubramanian",Journal Article,2013,,https://scholar.google.com/citations?view_op=view_citation&hl=en&oe=ASCII&user=dRknmPkAAAAJ&pagesize=100&citation_for_view=dRknmPkAAAAJ:olpn-zPbct0C,,
Comparing contractile apparatus‐driven cytokinesis mechanisms across kingdoms,"MK Balasubramanian, R Srinivasan, Y Huang, KH Ng",Cytoskeleton,2012,,https://scholar.google.com/citations?view_op=view_citation&hl=en&oe=ASCII&user=dRknmPkAAAAJ&pagesize=100&citation_for_view=dRknmPkAAAAJ:WF5omc3nYNoC,,
Cylindrical cellular geometry ensures fidelity of division site placement in fission yeast,"M Mishra, Y Huang, P Srivastava, R Srinivasan, M Sevugan, R Shlomovitz, et al.",Journal of Cell Science,2012,,https://scholar.google.com/citations?view_op=view_citation&hl=en&oe=ASCII&user=dRknmPkAAAAJ&pagesize=100&citation_for_view=dRknmPkAAAAJ:zYLM7Y9cAGgC,,
Novel actin-like filament structure from Clostridium tetani,"D Popp, A Narita, LJ Lee, U Ghoshdastider, B Xue, R Srinivasan, et al.",Journal of biological chemistry,2012,,https://scholar.google.com/citations?view_op=view_citation&hl=en&oe=ASCII&user=dRknmPkAAAAJ&pagesize=100&citation_for_view=dRknmPkAAAAJ:YsMSGLbcyi4C,,
Novel actin-like filament structure from Clostridium tetani,"MK Balasubramanian, RC Robinson, U Ghoshdastider, B Xue, et al.",Journal Article,2012,,https://scholar.google.com/citations?view_op=view_citation&hl=en&oe=ASCII&user=dRknmPkAAAAJ&pagesize=100&citation_for_view=dRknmPkAAAAJ:dfsIfKJdRG4C,,
Bacillus anthracis tubulin‐related protein Ba‐TubZ assembles force‐generating polymers,"R Srinivasan, M Mishra, FY Leong, KH Chiam, M Balasubramanian",Cytoskeleton,2011,,https://scholar.google.com/citations?view_op=view_citation&hl=en&oe=ASCII&user=dRknmPkAAAAJ&pagesize=100&citation_for_view=dRknmPkAAAAJ:hqOjcs7Dif8C,,
Mycobacterium tuberculosis FtsZ requires at least one arginine residue at the C-terminal end for polymerization in vitro,"P Gupta, H Rajeswari, M Arumugam, S Mishra, R Bhagavat, P Anand, et al.",Acta Biochim Biophys Sin,2010,,https://scholar.google.com/citations?view_op=view_citation&hl=en&oe=ASCII&user=dRknmPkAAAAJ&pagesize=100&citation_for_view=dRknmPkAAAAJ:ufrVoPGSRksC,,
Method of Screening Antibacterial Drug Compounds,"R Srinivasan, M Balasubramanian, M Hori",US Patent App.,2010,,https://scholar.google.com/citations?view_op=view_citation&hl=en&oe=ASCII&user=dRknmPkAAAAJ&pagesize=100&citation_for_view=dRknmPkAAAAJ:LkGwnXOMwfcC,,
Mycobacterium tuberculosis FtsZ requires at least one arginine residue at the C-terminal end for polymerization in vitro,R Srinivasan,Journal Article,2010,,https://scholar.google.com/citations?view_op=view_citation&hl=en&oe=ASCII&user=dRknmPkAAAAJ&pagesize=100&citation_for_view=dRknmPkAAAAJ:t6usbXjVLHcC,,
Cell polarization: it's all about being in shape,"R Srinivasan, M Mishra",Current Biology,2009,,https://scholar.google.com/citations?view_op=view_citation&hl=en&oe=ASCII&user=dRknmPkAAAAJ&pagesize=100&citation_for_view=dRknmPkAAAAJ:UebtZRa9Y70C,,
The bacterial cell division protein FtsZ assembles into cytoplasmic rings in fission yeast,"R Srinivasan, M Mishra, L Wu, Z Yin, MK Balasubramanian",Genes & development,2008,,https://scholar.google.com/citations?view_op=view_citation&hl=en&oe=ASCII&user=dRknmPkAAAAJ&pagesize=100&citation_for_view=dRknmPkAAAAJ:u-x6o8ySG0sC,,
Analysis of degradation of bacterial cell division protein FtsZ by the ATP-dependent zinc-metalloprotease FtsH in vitro,"R Srinivasan, H Rajeswari, P Ajitkumar",Microbiological research,2008,,https://scholar.google.com/citations?view_op=view_citation&hl=en&oe=ASCII&user=dRknmPkAAAAJ&pagesize=100&citation_for_view=dRknmPkAAAAJ:qjMakFHDy7sC,,
"In vitro polymerization of Mycobacterium leprae FtsZ OR Mycobacterium tuberculosis FtsZ is revived or abolished, respectively, by reciprocal mutation of a single residue","P Gupta, R Srinivasan, H Rajeswari, S Indi, P Ajitkumar",Biochemical and Biophysical Research Communications,2008,,https://scholar.google.com/citations?view_op=view_citation&hl=en&oe=ASCII&user=dRknmPkAAAAJ&pagesize=100&citation_for_view=dRknmPkAAAAJ:W7OEmFMy1HYC,,
"Mycobacterium tuberculosis FtsZ is revived or abolished, respectively, by reciprocal mutation of a single residue","P Gupta, R Srinivasan, H Rajeswari, S Indi, P Ajitkumar",Biochemical and Biophysical Research Communications,2008,,https://scholar.google.com/citations?view_op=view_citation&hl=en&oe=ASCII&user=dRknmPkAAAAJ&pagesize=100&citation_for_view=dRknmPkAAAAJ:NaGl4SEjCO4C,,
"Filament formation of the Escherichia coli actin-related protein, MreB, in fission yeast","R Srinivasan, M Mishra, M Murata-Hori, MK Balasubramanian",Current biology,2007,,https://scholar.google.com/citations?view_op=view_citation&hl=en&oe=ASCII&user=dRknmPkAAAAJ&pagesize=100&citation_for_view=dRknmPkAAAAJ:u5HHmVD_uO8C,,
Bacterial cell division protein FtsZ is stable against degradation by AAA family protease FtsH in Escherichia coli cells,"R Srinivasan, P Ajitkumar",Journal of Basic Microbiology,2007,,https://scholar.google.com/citations?view_op=view_citation&hl=en&oe=ASCII&user=dRknmPkAAAAJ&pagesize=100&citation_for_view=dRknmPkAAAAJ:Y0pCki6q_DkC,,
GTP/GDP binding stabilizes bacterial cell division protein FtsZ against degradation by FtsH protease in vitro,"R Srinivasan, H Rajeswari, BN Bhatt, S Indi, P Ajitkumar",Biochemical and biophysical research communications,2007,,https://scholar.google.com/citations?view_op=view_citation&hl=en&oe=ASCII&user=dRknmPkAAAAJ&pagesize=100&citation_for_view=dRknmPkAAAAJ:eQOLeE2rZwMC,,
Functional characterization of AAA family FtsH protease of Mycobacterium tuberculosis,"R Srinivasan, G Anilkumar, H Rajeswari, P Ajitkumar",FEMS microbiology letters,2006,,https://scholar.google.com/citations?view_op=view_citation&hl=en&oe=ASCII&user=dRknmPkAAAAJ&pagesize=100&citation_for_view=dRknmPkAAAAJ:9yKSN-GCB0IC,,
Mycobacterium tuberculosis and Escherichia coli nucleoside diphosphate kinases lack multifunctional activities to process uracil containing DNA,"P Kumar, K Krishna, R Srinivasan, P Ajitkumar, U Varshney",DNA repair,2004,,https://scholar.google.com/citations?view_op=view_citation&hl=en&oe=ASCII&user=dRknmPkAAAAJ&pagesize=100&citation_for_view=dRknmPkAAAAJ:2osOgNQ5qMEC,,
Genomic organization and in vivo characterization of proteolytic activity of FtsH of Mycobacterium smegmatis SN2,"G Anilkumar, R Srinivasan, P Ajitkumar",Microbiology,2004,,https://scholar.google.com/citations?view_op=view_citation&hl=en&oe=ASCII&user=dRknmPkAAAAJ&pagesize=100&citation_for_view=dRknmPkAAAAJ:Tyk-4Ss8FVUC,,
A C-terminal deletion mutant of Mycobacterium tuberculosis FtsZ shows fast polymerization in vitro,"SP Anand, H Rajeswari, P Gupta, R Srinivasan, S Indi, P Ajitkumar",Microbiology,2004,,https://scholar.google.com/citations?view_op=view_citation&hl=en&oe=ASCII&user=dRknmPkAAAAJ&pagesize=100&citation_for_view=dRknmPkAAAAJ:UeHWp8X0CEIC,,
"The C-terminally truncated MtFtsZ-ΔC169 mutant of Mycobacterium tuberculosis FtsZ shows GTPase and GTP-induced, GTP-specific polymerization activities in vitro","P Gupta, SP Anand, R Srinivasan, H Rajeswari, S Indi, P Ajitkumar",Microbiology,2004,,https://scholar.google.com/citations?view_op=view_citation&hl=en&oe=ASCII&user=dRknmPkAAAAJ&pagesize=100&citation_for_view=dRknmPkAAAAJ:IjCSPb-OGe4C,,
Bacterial cell division protein FtsZ is a specific substrate for the AAA family protease FtsH,"G Anilkumar, R Srinivasan, SP Anand, P Ajitkumar",Microbiology,2001,,https://scholar.google.com/citations?view_op=view_citation&hl=en&oe=ASCII&user=dRknmPkAAAAJ&pagesize=100&citation_for_view=dRknmPkAAAAJ:d1gkVwhDpl0C,,
The Nobel Prize in Physics-1996,R Srinivasan,Resonance,1996,,https://scholar.google.com/citations?view_op=view_citation&hl=en&oe=ASCII&user=dRknmPkAAAAJ&pagesize=100&citation_for_view=dRknmPkAAAAJ:D_sINldO8mEC,,
Partitioning and reorganization of hierarchical circuits for DFT,"R Gupta, R Srinivasan, MA Breuer","Proceedings. Fourth CSI/IEEE International Symposium on VLSI Design,",1991,,https://scholar.google.com/citations?view_op=view_citation&hl=en&oe=ASCII&user=dRknmPkAAAAJ&pagesize=100&citation_for_view=dRknmPkAAAAJ:ldfaerwXgEUC,,
Preliminary note on the parasitoids of Musca domestica (Diptera: Muscidae) in Pondicherry.,"R Srinivasan, N Balakrishnan",Journal Article,1989,,https://scholar.google.com/citations?view_op=view_citation&hl=en&oe=ASCII&user=dRknmPkAAAAJ&pagesize=100&citation_for_view=dRknmPkAAAAJ:f2IySw72cVMC,,